,count
Select any activities that make up an important part of your role at work: ,4999
Select any activities that make up an important part of your role at work: ,2622
Select any activities that make up an important part of your role at work: ,3034
Select any activities that make up an important part of your role at work: ,2171
Select any activities that make up an important part of your role at work: ,2352
Select any activities that make up an important part of your role at work: ,1663
Select any activities that make up an important part of your role at work: ,1444
Select any activities that make up an important part of your role at work: ,486
